,rewards,discount
0,-20.4628017545258,0.995
1,-83.54368300519441,0.995
